{
  "image_size": {
    "width": 640,
    "height": 360
  },
  "arena_polygon": [
    {
      "x": 46.52404486894717,
      "y": 47.03909373611728
    },
    {
      "x": 38.20774100399826,
      "y": 309.96223900488667
    },
    {
      "x": 609.4738449577966,
      "y": 251.10839626832518
    },
    {
      "x": 597.9589626832519,
      "y": 129.56241670368723
    }
  ],
  "crossing_line": {
    "kind": "vertical",
    "x": 189.18064193691694,
    "direction": "left_is_in"
  },
  "created": "2026-06-05T14:42:42.929Z"
}