{
  "image_size": {
    "width": 640,
    "height": 360
  },
  "arena_polygon": [
    {
      "x": 0.9445644766034001,
      "y": 64.84520685005002
    },
    {
      "x": 1.9468410596986832,
      "y": 259.9550483592651
    },
    {
      "x": 637.056102547743,
      "y": 199.48436117918303
    },
    {
      "x": 637.3901947421081,
      "y": 127.32044719632266
    }
  ],
  "crossing_line": {
    "kind": "vertical",
    "x": 223.7840581181213,
    "direction": "left_is_in"
  },
  "created": "2026-07-14T13:38:56.775Z"
}